{"cameraMode":{"drawMode":0,"name":"Shaded","section":"Shading Mode"},"sceneLighting":true,"audioPlay":false,"sceneViewState":{"showFog":true,"showMaterialUpdate":true,"showSkybox":false,"showFlares":true,"showImageEffects":true,"showParticleSystems":true,"showVisualEffectGraphs":true,"m_FxEnabled":true},"in2DMode":false,"pivot":{"x":-17.212678909301759,"y":2.662811040878296,"z":-0.29293906688690188},"rotation":{"x":0.019744709134101869,"y":-0.6354537010192871,"z":0.016133150085806848,"w":0.7717698812484741},"size":11.596169471740723,"orthographic":false}